,City,Lat,Lng,Max Temp,Humidity,Cloudiness,Wind Speed,Country,Date
0,Kaeo,-35.1,173.7833,69.01,97,100,8.99,NZ,1613272235
1,Yar-Sale,66.8333,70.8333,-29.18,85,5,4.12,RU,1613272492
2,Busselton,-33.65,115.3333,84.0,41,2,3.0,AU,1613272397
3,Kiryat Gat,31.61,34.7642,51.01,87,0,2.3,IL,1613272441
4,Rikitea,-23.1203,-134.9692,79.74,75,99,10.54,PF,1613272400
5,Benjamín Hill,30.1667,-111.1,61.0,53,76,1.01,MX,1613272493
6,Ushuaia,-54.8,-68.3,41.0,87,40,3.44,AR,1613272346
7,Cape Town,-33.9258,18.4232,69.01,94,40,6.91,ZA,1613272374
8,Tiksi,71.6872,128.8694,-13.52,90,100,8.46,RU,1613272493
9,Havre-St-Pierre,50.2334,-63.5986,3.2,72,1,5.75,CA,1613272494
10,Maningrida,-12.0667,134.2667,88.7,65,37,4.88,AU,1613272494
11,Iquitos,-3.7481,-73.2472,77.0,94,20,2.21,PE,1613272494
12,Albany,42.6001,-73.9662,19.99,40,100,2.71,US,1613272204
13,Nikolskoye,59.7035,30.7861,17.6,86,75,4.47,RU,1613272434
14,Pokhara,28.2333,83.9833,65.34,38,60,1.59,NP,1613272498
15,Saint Anthony,45.0205,-93.218,-7.6,70,1,10.36,US,1613272498
16,Mataura,-46.1927,168.8643,63.66,65,100,1.43,NZ,1613272408
17,Mahébourg,-20.4081,57.7,78.8,83,40,5.75,MU,1613272389
18,Buraidah,26.326,43.975,55.4,76,0,3.29,SA,1613272412
19,Berlevåg,70.8578,29.0864,24.6,88,98,11.88,NO,1613272499
20,Port Elizabeth,-33.918,25.5701,71.6,94,0,6.91,ZA,1613272435
21,Portland,45.5234,-122.6762,30.0,74,90,11.5,US,1613272254
22,Atuona,-9.8,-139.0333,79.29,79,1,15.55,PF,1613272399
23,Kapaa,22.0752,-159.319,77.0,69,90,10.36,US,1613272269
24,Qaanaaq,77.484,-69.3632,8.62,77,0,5.68,GL,1613272411
25,Saint Paul Harbor,57.79,-152.4072,35.22,94,100,29.33,US,1613272500
26,Conceição do Araguaia,-8.2578,-49.2647,74.32,97,100,1.54,BR,1613272500
27,Kolosovka,56.4678,73.611,19.87,98,100,4.38,RU,1613272501
28,Praia,14.9215,-23.5087,68.0,77,20,20.71,CV,1613272474
29,Thompson,55.7435,-97.8558,-20.2,76,20,4.61,CA,1613272427
30,Vaini,-21.2,-175.2,84.2,79,20,10.36,TO,1613272266
31,Kaitangata,-46.2817,169.8464,66.99,61,100,5.01,NZ,1613272401
32,Beringen,51.0507,5.2216,23.0,58,70,5.75,BE,1613272501
33,Puerto Ayora,-0.7393,-90.3518,77.0,90,100,1.01,EC,1613272406
34,Pochutla,15.7432,-96.4661,70.34,81,0,6.11,MX,1613272413
35,Khartoum,15.5518,32.5324,75.2,22,0,11.5,SD,1613272502
36,Mossamedes,-15.1961,12.1522,72.81,72,63,5.93,AO,1613272458
37,Ribeira Grande,38.5167,-28.7,57.54,67,83,30.65,PT,1613272466
38,Ponta do Sol,32.6667,-17.1,54.0,46,0,3.0,PT,1613272433
39,Mandurah,-32.55,115.7,90.0,35,51,4.12,AU,1613272503
40,Domoni,-12.2569,44.5319,80.82,82,100,9.31,KM,1613272503
41,Aksu,41.1231,80.2644,38.08,68,100,3.89,CN,1613272503
42,East London,-33.0153,27.9116,75.2,94,90,10.36,ZA,1613272466
43,Castro,-24.7911,-50.0119,62.44,95,0,3.83,BR,1613272449
44,Najrān,17.4924,44.1277,53.6,43,0,3.44,SA,1613272504
45,Lata,40.1629,-8.3327,52.0,93,40,3.44,PT,1613272396
46,Coquimbo,-29.9533,-71.3436,62.6,88,0,2.42,CL,1613272505
47,Punta Arenas,-53.15,-70.9167,46.4,76,90,11.5,CL,1613272371
48,Kupang,-10.1667,123.5833,84.2,84,75,11.5,ID,1613272505
49,Lüderitz,-26.6481,15.1594,63.7,86,8,9.69,NA,1613272413
50,Zhanakorgan,43.9098,67.2495,37.31,80,0,1.7,KZ,1613272506
51,Yertsevo,60.7966,40.086,-0.92,89,100,11.3,RU,1613272506
52,Dikson,73.5069,80.5464,-20.83,88,100,12.35,RU,1613272396
53,Upernavik,72.7868,-56.1549,5.88,94,96,9.1,GL,1613272406
54,Bluff,-46.6,168.3333,58.28,81,100,3.85,NZ,1613272414
55,New Norfolk,-42.7826,147.0587,75.99,38,0,4.0,AU,1613272395
56,Dingle,10.9995,122.6711,81.07,82,100,11.05,PH,1613272469
57,Malaut,30.2167,74.4833,59.99,33,0,3.78,IN,1613272507
58,Province of Mantua,45.1667,10.7833,26.6,63,0,6.91,IT,1613272467
59,Aklavik,68.2191,-135.0107,-9.4,77,20,3.44,CA,1613272427
60,Hilo,19.7297,-155.09,73.4,83,75,3.44,US,1613272421
61,Ancud,-41.8697,-73.8203,54.0,81,0,3.44,CL,1613272509
62,Butaritari,3.0707,172.7902,81.5,78,71,14.9,KI,1613272261
63,Barrow,71.2906,-156.7887,-13.0,77,75,9.22,US,1613272408
64,Vila Franca do Campo,37.7167,-25.4333,57.2,77,20,19.57,PT,1613272389
65,Mango,27.9797,-82.3065,73.99,100,90,3.44,US,1613272510
66,Necochea,-38.5473,-58.7368,66.0,94,95,3.0,AR,1613272510
67,Pilāni,28.3684,75.6041,66.24,32,0,5.53,IN,1613272510
68,Dābhol,17.6,73.1667,72.27,65,5,4.09,IN,1613272511
69,Bela Palanka,43.2183,22.3111,21.0,73,90,14.97,RS,1613272511
70,Longhua,23.6137,114.1919,74.66,47,0,1.28,CN,1613272329
71,Pisco,-13.7,-76.2167,69.8,83,0,16.11,PE,1613272511
72,Iranshahr,27.2025,60.6848,53.6,28,0,6.91,IR,1613272512
73,Iqaluit,63.7506,-68.5145,-11.0,77,75,1.14,CA,1613272447
74,Daru,-9.0763,143.2092,85.17,74,96,2.33,PG,1613272512
75,Maragogi,-9.0122,-35.2225,77.4,85,53,8.12,BR,1613272513
76,Yermekeyevo,54.0761,53.6712,12.25,94,36,12.48,RU,1613272513
77,Edd,13.9297,41.6925,80.76,40,21,9.01,ER,1613272513
78,Finschhafen,-6.6024,147.8681,82.35,75,100,2.84,PG,1613272514
79,Severo-Kuril'sk,50.6789,156.125,26.8,92,97,10.27,RU,1613272437
80,Jamestown,42.097,-79.2353,23.0,100,90,5.75,US,1613272241
81,George Town,5.4112,100.3354,86.0,61,20,6.91,MY,1613272223
82,La Serena,-29.9078,-71.2542,62.6,88,0,1.52,CL,1613272515
83,Tuktoyaktuk,69.4541,-133.0374,-11.2,77,40,8.05,CA,1613272412
84,Sam Chuk,14.7576,100.0899,90.0,58,97,1.99,TH,1613272515
85,Berezovyy,51.6667,135.7,19.04,87,69,2.28,RU,1613272515
86,Port Alfred,-33.5906,26.891,73.0,94,73,1.01,ZA,1613272418
87,Carutapera,-1.195,-46.02,77.65,89,99,5.19,BR,1613272516
88,Sistranda,63.7256,8.834,33.8,69,75,18.41,NO,1613272516
89,Geraldton,-28.7667,114.6,91.4,25,76,11.5,AU,1613272516
90,Chokurdakh,70.6333,147.9167,-19.16,79,0,0.67,RU,1613272517
91,Xichang,27.8964,102.2634,57.56,53,18,2.37,CN,1613272517
92,Hasaki,35.7333,140.8333,64.0,59,75,5.75,JP,1613272141
93,Hobart,-42.8794,147.3294,75.99,52,20,11.5,AU,1613272220
94,Srednekolymsk,67.45,153.6833,-13.83,86,100,9.95,RU,1613272450
95,Lompoc,34.6391,-120.4579,53.6,76,1,14.97,US,1613272518
96,Fortuna,40.5982,-124.1573,48.99,93,90,4.61,US,1613272518
97,Dhidhdhoo,6.8833,73.1,79.75,62,63,4.74,MV,1613272417
98,Anchorage,61.2181,-149.9003,19.0,67,1,4.07,US,1613272238
99,Ndago,-4.6,34.35,61.63,93,100,5.35,TZ,1613272519
100,Bathsheba,13.2167,-59.5167,78.8,69,20,20.71,BB,1613272519
101,Mar del Plata,-38.0023,-57.5575,70.0,94,0,4.61,AR,1613272182
102,Owensboro,37.7742,-87.1133,21.2,86,90,13.8,US,1613272519
103,Yulara,-25.2406,130.9889,82.4,39,90,14.97,AU,1613272519
104,Thinadhoo,0.5333,72.9333,82.42,72,45,7.29,MV,1613272520
105,Mweka,-4.85,21.5667,68.41,97,98,1.28,CD,1613272520
106,Bredasdorp,-34.5322,20.0403,64.4,88,0,1.14,ZA,1613272399
107,Flinders,-34.5833,150.8552,77.0,53,44,12.66,AU,1613272435
108,Benguela,-12.5763,13.4055,72.19,78,0,2.66,AO,1613272406
109,Hithadhoo,-0.6,73.0833,82.71,74,96,8.52,MV,1613272410
110,Sibut,5.718,19.0739,70.38,25,50,2.06,CF,1613272521
111,Sambava,-14.2667,50.1667,74.73,89,76,4.7,MG,1613272336
112,Cabo San Lucas,22.8909,-109.9124,66.0,77,1,11.5,MX,1613272201
113,Marzuq,14.4,46.4667,54.79,60,49,0.96,YE,1613272522
114,Kavieng,-2.5744,150.7967,84.36,74,73,7.2,PG,1613272522
115,Provideniya,64.3833,-173.3,9.16,91,100,16.82,RU,1613272465
116,Kasane,-17.8167,25.15,66.31,99,100,3.6,BW,1613272356
117,Naze,28.3667,129.4833,69.8,94,75,14.97,JP,1613272449
118,Muros,42.7762,-9.0603,55.99,84,100,5.01,ES,1613272471
119,Guerrero Negro,27.9769,-114.0611,57.97,77,82,14.16,MX,1613272398
120,Sechura,-5.5569,-80.8222,77.59,66,97,14.23,PE,1613272523
121,Vanimo,-2.6741,141.3028,80.58,82,100,4.52,PG,1613272523
122,Myitkyina,25.3833,97.4,74.1,36,0,2.75,MM,1613272523
123,Hermanus,-34.4187,19.2345,61.0,96,0,1.01,ZA,1613272404
124,Vigrestad,58.5667,5.7,32.0,69,20,11.5,NO,1613272524
125,Totana,37.7688,-1.5023,52.0,58,0,1.01,ES,1613272524
126,Agboville,5.928,-4.2132,75.88,94,16,3.78,CI,1613272524
127,Yellowknife,62.456,-114.3525,-9.0,84,1,9.22,CA,1613272405
128,Mount Isa,-20.7333,139.5,89.6,58,75,9.22,AU,1613272257
129,Norman Wells,65.282,-126.8329,-13.0,84,1,4.61,CA,1613272468
130,Būndu,23.1833,85.5833,66.2,48,0,2.01,IN,1613272525
131,Bud,39.447,-86.1758,18.0,86,98,9.69,US,1613272475
132,Green River,41.5286,-109.4662,-2.2,78,90,29.93,US,1613272526
133,Codrington,-38.2667,141.9667,64.02,60,93,10.65,AU,1613272437
134,Jashpurnagar,22.9,84.15,69.44,30,0,3.65,IN,1613272526
135,Noumea,-22.2763,166.4572,87.8,66,20,10.36,NC,1613272526
136,Torbay,47.6666,-52.7314,26.01,74,90,16.11,CA,1613272527
137,Kargil,34.5667,76.1,6.96,81,37,1.16,IN,1613272527
138,Acaraú,-2.8856,-40.12,79.95,84,100,12.64,BR,1613272527
139,Port-Gentil,-0.7193,8.7815,80.76,82,100,10.25,GA,1613272527
140,Paamiut,61.994,-49.6678,13.01,94,0,20.83,GL,1613272440
141,Lorengau,-2.0226,147.2712,83.19,74,98,6.73,PG,1613272528
142,Boralday,43.3578,76.8594,28.4,100,90,4.47,KZ,1613272528
143,Sarangani,5.4033,125.4636,79.81,81,79,13.85,PH,1613272528
144,Sabha,27.0377,14.4283,56.23,37,0,6.78,LY,1613272529
145,Rio Grande,-32.035,-52.0986,73.99,95,0,7.63,BR,1613272402
146,Jenks,36.0229,-95.9683,14.0,62,1,13.8,US,1613272529
147,San Patricio,28.017,-97.5169,33.8,86,90,12.66,US,1613272405
148,Leningradskiy,69.3833,178.4167,-11.38,87,99,4.54,RU,1613272467
149,Egvekinot,66.3167,-179.1667,-10.77,92,100,16.37,RU,1613272530
150,Saint-François,46.4154,3.9054,19.99,79,0,4.61,FR,1613272530
151,Abonnema,4.7084,6.7931,79.86,86,63,3.96,NG,1613272530
152,Souillac,-20.5167,57.5167,78.8,83,40,5.75,MU,1613272530
153,Champerico,14.3,-91.9167,64.99,92,0,1.01,GT,1613272260
154,Talnakh,69.4865,88.3972,-24.77,84,100,2.8,RU,1613272429
155,Wadi Maliz,36.4681,8.5495,50.0,76,40,5.75,TN,1613272531
156,Ngunguru,-35.6167,174.5,69.01,97,100,8.99,NZ,1613272531
157,Nevers,46.9896,3.159,23.0,74,0,10.36,FR,1613272458
158,Deep River,46.1001,-77.4995,10.4,48,90,3.78,CA,1613272531
159,Kruisfontein,-34.0033,24.7314,71.01,95,92,5.12,ZA,1613272440
160,Avera,33.194,-82.5271,41.0,96,90,4.61,US,1613272532
161,Manbij,36.5281,37.9549,37.4,93,0,4.38,SY,1613272532
162,Heihe,50.2441,127.4902,6.8,47,0,11.18,CN,1613272532
163,Khandyga,62.6667,135.6,-3.5,87,100,1.61,RU,1613272532
164,Sørland,67.667,12.6934,30.56,89,100,8.48,NO,1613272533
165,Saint-Philippe,-21.3585,55.7679,80.6,69,0,19.57,RE,1613272415
166,Arraial do Cabo,-22.9661,-42.0278,75.88,89,100,17.49,BR,1613272533
167,Roald,62.5833,6.1333,26.6,59,0,12.66,NO,1613272451
168,Ahipara,-35.1667,173.1667,74.37,73,100,9.69,NZ,1613272435
169,Carndonagh,55.25,-7.2667,45.88,86,100,28.39,IE,1613272534
170,San Cristobal,7.7669,-72.225,67.71,74,85,1.54,VE,1613272534
171,São João da Barra,-21.6403,-41.0511,76.8,82,100,17.09,BR,1613272534
172,Sitka,57.0531,-135.33,30.2,47,20,5.75,US,1613272535
173,Paraúna,-16.9478,-50.4486,67.96,89,100,1.03,BR,1613272535
174,Port Hedland,-20.3167,118.5667,87.8,55,0,12.66,AU,1613272476
175,Chimoio,-19.1164,33.4833,71.6,100,75,6.91,MZ,1613272536
176,Waingapu,-9.6567,120.2641,85.06,70,100,7.4,ID,1613272461
177,Plover,44.4564,-89.544,-9.4,59,1,5.75,US,1613272536
178,Lagan,45.3929,47.3707,32.61,89,80,7.72,RU,1613272536
179,Faya,18.3851,42.4509,53.6,87,0,2.33,SA,1613272536
180,Orlik,52.5178,99.825,-1.19,84,100,3.2,RU,1613272537
181,Cabo Rojo,18.0866,-67.1457,75.0,80,3,12.06,PR,1613272537
182,Bethel,41.3712,-73.414,25.0,46,90,6.91,US,1613272426
183,Avarua,-21.2078,-159.775,84.2,74,13,5.75,CK,1613272397
184,Stromness,58.965,-3.296,35.6,87,75,35.68,GB,1613272537
185,Cidreira,-30.1811,-50.2056,73.33,86,98,3.94,BR,1613272433
186,Samarai,-10.6167,150.6667,83.5,69,100,1.14,PG,1613272538
187,Deputatsky,69.3,139.9,-28.43,86,26,2.82,RU,1613272538
188,Lebu,-37.6167,-73.65,56.91,80,0,16.35,CL,1613272463
189,Lyubim,58.3625,40.6843,4.59,94,100,9.6,RU,1613272539
190,Labuhan,-6.8844,112.2051,83.3,74,100,6.69,ID,1613272539
191,Cap-aux-Meules,47.3821,-61.8597,23.0,74,100,12.66,CA,1613272539
192,Saint-Joseph,-21.3667,55.6167,80.6,69,0,19.57,RE,1613272539
193,Ormara,25.2088,64.6357,69.33,60,0,7.14,PK,1613272540
194,Amapá,1.0,-52.0,72.82,98,100,2.66,BR,1613272540
195,Te Anau,-45.4167,167.7167,57.51,84,100,2.01,NZ,1613272540
196,Paso de Patria,-27.2454,-58.5454,72.0,99,85,6.04,AR,1613272540
197,Los Llanos de Aridane,28.6585,-17.9182,59.0,82,0,10.36,ES,1613272540
198,Minot,48.2325,-101.2963,-20.2,57,1,5.75,US,1613272541
199,Iracoubo,5.4802,-53.2011,78.21,82,92,15.93,GF,1613272541
200,Longyan,25.1072,117.0225,73.0,49,1,1.99,CN,1613272541
201,Carnarvon,-24.8667,113.6333,84.2,89,75,12.66,AU,1613272405
202,Marabu,4.4148,114.0089,82.4,83,40,5.75,MY,1613272541
203,Dhārchula,29.85,80.5333,60.84,28,26,0.4,IN,1613272542
204,Seoul,37.5683,126.9778,55.4,43,75,2.3,KR,1613272402
205,Baiyin,36.5583,104.2081,41.0,24,0,8.95,CN,1613272542
206,Aswān,24.0934,32.907,60.67,34,0,8.68,EG,1613272542
207,Eyl,7.9803,49.8164,69.04,83,28,10.63,SO,1613272542
208,Vitrolles,43.46,5.2486,39.99,86,90,1.14,FR,1613272543
209,Maltahöhe,-24.8333,16.9833,66.94,73,87,9.06,NA,1613272543
210,Águas Belas,-9.1114,-37.1231,73.36,77,62,7.49,BR,1613272543
211,Ilulissat,69.2167,-51.1,12.2,79,90,14.97,GL,1613272543
212,Sabang,5.8933,95.3214,82.78,72,6,7.25,ID,1613272422
213,Quatre Cocos,-20.2078,57.7625,80.01,83,40,5.75,MU,1613272435
214,Faanui,-16.4833,-151.75,81.54,70,42,6.06,PF,1613272466
215,Gamba,-2.65,10.0,75.24,89,100,2.91,GA,1613272544
216,Huambo,-12.7761,15.7392,53.55,71,38,2.89,AO,1613272544
217,Leh,34.1667,77.5833,12.11,80,94,1.39,IN,1613272337
218,Yambio,4.5721,28.3955,68.77,27,12,2.66,SS,1613272545
219,Zhangye,38.9342,100.4517,32.25,81,7,7.34,CN,1613272520
220,Dubbo,-32.25,148.6167,80.6,41,40,11.5,AU,1613272545
221,Hede,33.7681,120.2517,59.18,66,100,7.47,CN,1613272546
222,Bambamarca,-6.6833,-78.5333,56.17,83,91,2.42,PE,1613272546
223,Viedma,-40.8135,-62.9967,69.01,86,100,14.38,AR,1613272546
224,Khromtau,50.2503,58.4347,25.5,99,100,8.7,KZ,1613272546
225,Shiyan,32.6475,110.7781,55.99,48,0,4.9,CN,1613272546
226,Ulladulla,-35.35,150.4667,73.4,60,40,14.97,AU,1613272547
227,Peniche,39.3558,-9.3811,53.01,93,100,6.13,PT,1613272547
228,Smithers,54.7804,-127.1743,15.8,57,20,12.66,CA,1613272323
229,Khatanga,71.9667,102.5,-32.01,83,45,6.73,RU,1613272403
230,Tigzirt,36.8886,4.1198,52.18,80,85,7.85,DZ,1613272548
231,Dawlatabad,36.4141,64.9053,48.92,64,0,1.07,AF,1613272444
232,Severo-Yeniseyskiy,60.3725,93.0408,-17.64,89,100,2.15,RU,1613272548
233,Coyhaique,-45.5752,-72.0662,55.4,67,0,3.44,CL,1613272422
234,Antalaha,-14.9003,50.2788,75.43,88,83,4.74,MG,1613272270
235,Andros Town,24.7,-77.7667,75.2,94,20,11.5,BS,1613272262
236,Nyurba,63.2842,118.3319,-17.43,87,99,6.08,RU,1613272428
237,Ixtapa,20.7,-105.2,68.0,77,75,2.13,MX,1613272549
238,Pangoa,-12.1167,-73.0,69.39,96,100,1.43,PE,1613272550
239,Awka,6.2101,7.0741,78.57,77,1,4.27,NG,1613272550
240,Forsytheganj,52.6333,29.7333,12.2,95,100,13.18,BY,1613272550
241,Cairns,-16.9167,145.7667,91.0,66,99,11.5,AU,1613272550
242,Lumeje,-11.55,20.7833,66.92,81,98,1.77,AO,1613272550
243,São Filipe,14.8961,-24.4956,69.96,75,0,9.51,CV,1613272461
244,Birjand,32.8663,59.2211,30.2,24,0,6.91,IR,1613272551
245,Chui,-33.6971,-53.4616,69.26,94,58,7.54,UY,1613272430
246,Houston,29.7633,-95.3633,39.2,75,90,8.05,US,1613272488
247,Athabasca,54.7169,-113.2854,-18.4,69,0,1.14,CA,1613272551
248,Arteaga,18.4667,-102.4167,50.81,96,1,3.09,MX,1613272551
249,Camocim,-2.9022,-40.8411,77.56,90,100,8.03,BR,1613272552
250,Elói Mendes,-21.61,-45.5653,64.67,96,100,4.29,BR,1613272552
251,Pangai,-19.8,-174.35,86.0,79,20,9.22,TO,1613272552
252,Yamada,39.4667,141.95,52.68,65,100,4.36,JP,1613272553
253,Alofi,-19.0595,-169.9187,87.8,66,10,8.05,NU,1613272473
254,Tilichiki,60.4667,166.1,-13.05,87,90,10.94,RU,1613272553
255,Njeru,0.4186,33.1731,69.13,83,100,6.46,UG,1613272553
256,Acapulco de Juárez,16.8634,-99.8901,77.0,69,1,3.44,MX,1613272553
257,Ankazoabo,-22.2833,44.5167,70.99,80,100,8.37,MG,1613272554
258,Panalingaan,8.7842,117.4231,81.03,77,100,10.96,PH,1613272554
259,Povarovo,56.0667,37.05,5.0,78,100,8.95,RU,1613272554
260,Pevek,69.7008,170.3133,-13.95,88,93,3.18,RU,1613272409
261,Kieta,-6.2167,155.6333,84.15,77,90,10.36,PG,1613272415
262,Bahía Honda,22.9036,-83.1592,75.69,81,71,10.96,CU,1613272555
263,Mayo,38.8876,-76.5119,30.0,93,90,11.5,US,1613272555
264,Stepnyak,52.8339,70.7803,23.09,97,100,13.58,KZ,1613272555
265,Narsaq,60.9167,-46.05,37.4,56,40,3.44,GL,1613272399
266,Rosário do Sul,-30.2583,-54.9142,70.12,75,89,3.87,BR,1613272555
267,Ghanzi,-21.5667,21.7833,66.78,90,97,5.41,BW,1613272556
268,Mount Gambier,-37.8333,140.7667,68.0,56,40,14.97,AU,1613272431
269,Chernyshevskiy,63.0128,112.4714,-28.39,86,0,2.42,RU,1613272556
270,Kenai,60.5544,-151.2583,19.99,53,1,9.22,US,1613272556
271,Abū Zabad,12.35,29.25,67.28,25,10,12.71,SD,1613272556
272,Nong Khae,14.3406,100.8673,90.0,71,58,4.0,TH,1613272557
273,Koygorodok,60.445,50.9968,0.27,93,100,11.54,RU,1613272557
274,Hibbing,47.4272,-92.9377,-16.6,69,1,6.91,US,1613272557
275,Grand Forks,47.9417,-97.4337,-20.2,63,1,8.05,US,1613272557
276,Anantapur,14.6833,77.6,72.84,43,38,4.14,IN,1613272558
277,Lillesand,58.2488,8.3778,6.8,78,0,5.75,NO,1613272558
278,Ferrol,43.4832,-8.2369,57.0,82,0,16.11,ES,1613272558
279,Belo Oriente,-19.22,-42.4836,70.79,91,100,2.33,BR,1613272558
280,Port Shepstone,-30.7414,30.455,75.99,85,70,7.4,ZA,1613272559
281,Jalu,29.0331,21.5482,53.4,43,0,6.38,LY,1613272559
282,Henties Bay,-22.116,14.2845,67.37,89,66,3.78,NA,1613272427
283,Port-Cartier,50.0334,-66.8654,8.01,78,1,4.61,CA,1613272559
284,Maniitsoq,65.4167,-52.9,5.56,90,57,12.01,GL,1613272371
285,Kumul,42.8,93.45,33.69,76,0,11.32,CN,1613272455
286,Mehamn,71.0357,27.8492,24.62,88,100,11.63,NO,1613272560
287,Northam,51.0333,-4.2167,43.0,91,100,11.99,GB,1613272560
288,Tahe,52.3333,124.7333,-4.09,85,100,10.8,CN,1613272560
289,Arys,42.4252,68.795,39.2,87,0,8.95,KZ,1613272561
290,Fukuechō,32.6881,128.8419,62.6,72,75,8.05,JP,1613272449
291,Batangafo,7.3008,18.2833,69.51,24,7,0.43,CF,1613272561
292,Tuatapere,-46.1333,167.6833,57.79,88,100,5.88,NZ,1613272549
293,Atbasar,51.8,68.3333,19.78,96,98,8.12,KZ,1613272561
294,Zhigansk,66.7697,123.3711,-12.51,88,100,13.02,RU,1613272562
295,Ostrovnoy,68.0531,39.5131,-6.83,91,72,5.61,RU,1613272270
296,Prado,-17.3411,-39.2208,74.93,83,83,6.26,BR,1613272328
297,Manoharpur,27.3,75.95,68.0,45,20,3.44,IN,1613272562
298,Kongsvinger,60.1905,11.9977,-0.4,84,0,2.3,NO,1613272562
299,Batticaloa,7.7102,81.6924,79.05,85,25,7.92,LK,1613272563
300,Longyearbyen,78.2186,15.6401,5.0,61,40,9.22,SJ,1613272524
301,Qaqortoq,60.7167,-46.0333,37.4,56,40,3.44,GL,1613272453
302,Totness,5.8833,-56.3167,77.81,84,29,12.68,SR,1613272563
303,Hualmay,-11.0964,-77.6139,71.82,75,87,8.79,PE,1613272563
304,Brae,60.3964,-1.353,41.0,65,90,35.68,GB,1613272473
305,Namatanai,-3.6667,152.4333,84.16,75,100,6.51,PG,1613272564
306,Tasiilaq,65.6145,-37.6368,31.19,94,100,26.4,GL,1613272420
307,Rubiataba,-15.1644,-49.8033,68.63,92,100,1.36,BR,1613272564
308,Ambulu,-8.345,113.6058,84.09,69,61,3.47,ID,1613272564
309,Açucena,-19.0731,-42.5464,68.27,93,100,2.68,BR,1613272565
310,Melfi,40.9965,15.6514,23.0,80,40,11.5,IT,1613272565
311,Olafsvik,64.8945,-23.7142,39.43,73,99,23.58,IS,1613272565
312,Rawson,-43.3002,-65.1023,69.6,76,0,7.54,AR,1613272565
313,Zelenoborskiy,66.845,32.3622,-13.43,90,72,1.95,RU,1613272565
314,Ada,43.4166,-116.1262,27.0,93,90,6.91,US,1613272566
315,Gangtok,27.3333,88.6167,56.28,43,41,2.48,IN,1613272566
316,Adrar,20.5022,-10.0711,63.37,25,0,11.34,MR,1613272566
317,Kovdor,67.5662,30.4758,-6.93,92,89,1.45,RU,1613272566
318,Mabaruma,8.2,-59.7833,74.26,88,15,4.12,GY,1613272566
319,Hong Kong,22.2855,114.1577,73.0,67,0,1.32,HK,1613272369
320,Kununurra,-15.7667,128.7333,89.6,79,40,10.36,AU,1613272567
321,Sioux Lookout,50.1001,-91.917,-23.8,76,75,3.44,CA,1613272346
322,Stralsund,54.3091,13.0818,26.6,93,90,9.22,DE,1613272567
323,Cockburn Town,21.4612,-71.1419,77.5,80,3,24.49,TC,1613272567
324,Jadu,31.953,12.0261,47.46,96,27,10.67,LY,1613272568
325,Nishiwaki,34.9833,134.9667,62.6,58,75,5.75,JP,1613272404
326,Benghazi,32.1167,20.0667,59.63,60,0,9.64,LY,1613272420
327,Klaksvík,62.2266,-6.589,37.4,87,90,42.57,FO,1613272568
328,Novo Aripuanã,-5.1206,-60.3797,75.4,96,100,2.13,BR,1613272568
329,Trairi,-3.2778,-39.2689,80.37,82,63,9.51,BR,1613272469
330,Hlyboka,48.0897,25.9293,26.01,86,75,11.5,UA,1613272569
331,Chisec,15.8167,-90.2833,70.25,92,97,1.54,GT,1613272569
332,Broken Hill,-31.95,141.4333,78.8,29,0,13.8,AU,1613272397
333,Talaya,61.3833,152.75,-16.87,84,100,2.1,RU,1613272454
334,Esperance,-33.8667,121.9,73.4,53,0,11.5,AU,1613272407
335,Aykhal,66.0,111.5,-24.43,80,87,4.47,RU,1613272548
336,Puerto Escondido,15.85,-97.0667,74.8,75,0,8.28,MX,1613272570
337,Praia da Vitória,38.7333,-27.0667,55.99,76,40,18.61,PT,1613272570
338,Boyolangu,-8.1181,111.8935,83.91,69,98,5.53,ID,1613272456
339,Maïné Soroa,13.2114,12.0241,69.21,22,0,9.6,NE,1613272571
340,Haines Junction,60.7522,-137.5108,-14.8,76,0,1.14,CA,1613272417
341,Nome,64.5011,-165.4064,24.8,54,1,5.75,US,1613272436
342,Arrondissement de Cognac,45.5,-0.25,30.2,93,0,5.75,FR,1613272571
343,Klyuchi,52.2667,79.1667,9.86,95,100,7.72,RU,1613272571
344,Bambous Virieux,-20.3428,57.7575,80.01,83,40,5.75,MU,1613272572
345,Kichmengskiy Gorodok,59.9816,45.7854,4.28,93,100,13.2,RU,1613272572
346,Tanete,-3.9443,119.7848,89.85,50,74,11.54,ID,1613272572
347,The Valley,18.217,-63.0578,78.8,69,20,13.8,AI,1613272430
348,Westport,41.1415,-73.3579,28.99,59,90,11.5,US,1613272572
349,Chākuliā,22.4833,86.7167,66.2,59,0,4.41,IN,1613272573
350,Agüimes,27.9054,-15.4461,62.6,77,20,16.11,ES,1613272573
351,Banda Aceh,5.5577,95.3222,83.91,69,13,6.8,ID,1613272573
352,Itanagar,27.1,93.6167,68.0,68,20,3.44,IN,1613272573
353,Salalah,17.0151,54.0924,64.4,55,0,5.75,OM,1613272297
354,Kudahuvadhoo,2.6708,72.8944,81.5,70,98,8.48,MV,1613272574
355,Maraã,-1.8333,-65.3667,76.05,92,100,1.16,BR,1613272574
356,Sokoto,13.0609,5.239,70.14,20,0,10.29,NG,1613272574
357,Dneprovskaya,45.6236,38.8081,26.01,76,96,8.01,RU,1613272574
358,Southbridge,42.0751,-72.0334,26.01,51,100,6.13,US,1613272575
359,Hobyo,5.3505,48.5268,74.84,79,24,15.43,SO,1613272575
360,Vurnary,55.4904,46.9648,-2.81,93,5,5.97,RU,1613272575
361,‘Ewa Beach,21.3156,-158.0072,80.6,57,90,6.91,US,1613272575
362,Assiniboia,49.6334,-105.9845,-25.6,68,0,4.61,CA,1613272473
363,Airai,-8.9266,125.4092,73.67,73,100,4.21,TL,1613272463
364,Plácido de Castro,-10.3353,-67.1856,74.14,94,100,1.3,BR,1613272576
365,Sept-Îles,50.2001,-66.3821,8.01,78,1,4.61,CA,1613272576
366,Ducheng,23.2373,111.5317,72.72,50,0,2.37,CN,1613272576
367,Dabakala,8.3667,-4.4333,75.78,84,0,6.17,CI,1613272576
368,Vardø,70.3705,31.1107,26.64,86,81,18.01,NO,1613272577
369,Sorong,-0.8833,131.25,82.99,74,100,4.68,ID,1613272477
370,Yumbing,9.2393,124.6578,82.81,75,61,2.15,PH,1613272577
371,Loudi,27.7344,111.9944,63.97,64,0,2.68,CN,1613272577
372,Padang,-0.9492,100.3543,87.8,62,20,2.3,ID,1613272469
373,Mamakan,57.8161,114.0028,-10.8,81,99,1.7,RU,1613272577
374,Acurenam,1.0322,10.6488,68.25,99,99,3.49,GQ,1613272578
375,North Bend,43.4065,-124.2243,46.4,93,90,3.44,US,1613272578
376,Salinas,36.6777,-121.6555,53.6,71,1,10.36,US,1613272578
377,Troitskoye,52.9821,84.6757,2.57,92,90,6.35,RU,1613272578
378,Goiatuba,-18.0125,-49.3547,68.74,89,100,2.01,BR,1613272578
379,Hwange,-18.3693,26.5019,68.41,96,100,1.48,ZW,1613272579
380,Tanout,14.9709,8.8879,67.5,24,0,11.18,NE,1613272579
381,Poum,-20.2333,164.0167,80.15,70,68,7.09,NC,1613272450
382,Ucluelet,48.9329,-125.5528,32.0,89,43,11.97,CA,1613272508
383,Cape Canaveral,28.4058,-80.6048,73.0,94,20,6.91,US,1613272432
384,Araruna,-6.5583,-35.7417,70.99,96,50,7.9,BR,1613272580
385,Hirara,24.8,125.2833,75.2,73,20,11.5,JP,1613272580
386,Fairbanks,64.8378,-147.7164,3.99,84,1,2.04,US,1613272515
387,Kargasok,59.0556,80.8572,-3.98,92,98,2.91,RU,1613272580
388,Grindavik,63.8424,-22.4338,37.4,81,75,27.63,IS,1613272581
389,Esim,4.8699,-2.2405,80.04,85,22,10.71,GH,1613272401
390,Mareeba,-17.0,145.4333,91.0,66,100,11.5,AU,1613272581
391,Kokoda,-8.8785,147.7407,85.69,61,100,2.91,PG,1613272466
392,Togur,58.3631,82.8265,-1.05,93,100,3.74,RU,1613272582
393,Noyabrsk,63.1994,75.4507,-30.62,84,0,7.23,RU,1613272582
394,Krasnoarmeysk,51.0239,45.6969,12.0,56,100,3.0,RU,1613272582
395,Auki,-8.7676,160.7034,81.72,80,99,8.99,SB,1613272462
396,Jinchang,38.4953,102.1739,33.13,77,0,11.99,CN,1613272583
397,Grand Gaube,-20.0064,57.6608,80.01,75,8,5.01,MU,1613272583
398,Allonnes,47.9674,0.1581,24.8,63,0,4.61,FR,1613272583
399,Lima,-12.0432,-77.0282,73.4,73,0,16.11,PE,1613272539
400,Baykit,61.67,96.37,-17.25,83,100,1.7,RU,1613272584
401,Usakos,-22.0,15.6,67.28,80,87,4.63,NA,1613272584
402,Nhulunbuy,-12.2333,136.7667,89.6,70,40,12.66,AU,1613272584
403,College,64.8569,-147.8028,3.0,84,1,2.46,US,1613272545
404,Noshiro,40.2039,140.0242,46.4,71,75,2.3,JP,1613272584
405,Chumikan,54.7183,135.315,13.15,93,100,11.86,RU,1613272584
406,Khanbari,27.3747,87.2039,64.87,43,51,0.4,NP,1613272462
407,Atar,20.5169,-13.0499,63.77,22,0,9.53,MR,1613272585
408,Iringa,-7.7667,35.7,64.4,94,90,5.75,TZ,1613272585
409,Rocha,-34.4833,-54.3333,66.74,95,17,4.83,UY,1613272585
410,Harwich,51.9419,1.2844,34.0,52,100,14.0,GB,1613272586
411,Nerchinskiy Zavod,51.3088,119.61,-9.99,86,81,2.48,RU,1613272429
412,Hofn,64.2539,-15.2082,39.2,88,100,21.65,IS,1613272466
413,Goderich,43.7501,-81.7165,12.2,85,100,4.61,CA,1613272433
414,Carauari,-4.8828,-66.8958,74.55,96,100,2.24,BR,1613272587
415,Hays,30.0502,-98.0336,28.99,89,100,1.01,US,1613272587
416,Mnogovershinnyy,53.9353,139.9242,13.59,96,100,1.97,RU,1613272587
417,Kavaratti,10.5669,72.642,80.74,61,96,6.89,IN,1613272587
418,Puerto Maldonado,-12.6,-69.1833,73.78,95,100,1.12,PE,1613272587
419,Belyy Yar,53.6039,91.3903,-4.0,77,90,1.79,RU,1613272588
420,Shenjiamen,29.9576,122.298,55.81,88,57,4.32,CN,1613272588
421,Xining,36.6167,101.7667,34.57,55,0,2.44,CN,1613272461
422,Mana,5.6592,-53.7767,77.67,85,100,13.29,GF,1613272588
423,Tsaratanana,-16.7833,47.65,72.9,84,100,4.59,MG,1613272588
424,Beisfjord,68.3751,17.5988,14.0,92,90,3.87,NO,1613272589
425,Gambo,4.6482,22.2633,67.42,35,98,0.92,CF,1613272589
426,Hamilton,39.1834,-84.5333,26.6,74,90,9.22,US,1613272211
427,Wagar,16.1525,36.2032,66.7,87,20,7.96,SD,1613272589
428,Whitianga,-36.8333,175.7,78.01,64,25,5.99,NZ,1613272517
429,São Francisco,-15.9486,-44.8644,71.38,88,100,1.83,BR,1613272590
430,Chapais,49.7834,-74.8492,-0.4,85,90,5.75,CA,1613272590
431,Novi Sanzhary,49.3439,34.3108,10.38,94,82,14.05,UA,1613272590
432,Glomfjord,66.8167,13.9667,30.2,93,75,2.3,NO,1613272590
433,Caravelas,-17.7125,-39.2481,74.32,83,100,4.92,BR,1613272452
434,Marolambo,-20.05,48.1167,67.86,92,100,2.13,MG,1613272591
435,Comodoro Rivadavia,-45.8667,-67.5,68.0,34,0,18.41,AR,1613272445
436,Videira,-27.0083,-51.1517,61.81,93,99,1.66,BR,1613272591
437,Conakry,9.538,-13.6773,78.67,75,0,6.51,GN,1613272591
438,Dubrovka,53.6907,33.5071,5.0,78,40,11.18,RU,1613272592
439,Vila Velha,-20.3297,-40.2925,77.0,83,75,8.05,BR,1613272383
440,Palatka,29.6486,-81.6376,69.01,83,100,4.21,US,1613272400
441,High Rock,26.6208,-78.2833,75.7,85,2,16.22,BS,1613272592
442,Salinópolis,-0.6136,-47.3561,78.89,88,100,12.91,BR,1613272398
443,Chaihe,44.7667,129.7,22.28,90,99,2.91,CN,1613272592
444,Araouane,18.9048,-3.5265,70.3,18,0,10.07,ML,1613272593
445,Marataizes,-21.0433,-40.8244,75.69,84,100,16.6,BR,1613272593
446,Båtsfjord,70.6345,29.7185,21.09,89,77,10.45,NO,1613272593
447,Araçuaí,-16.8497,-42.0703,70.3,82,99,2.21,BR,1613272593
448,Londoko,49.0333,131.9833,11.39,85,31,9.08,RU,1613272594
449,Wuning,29.2589,120.2311,62.26,75,47,2.89,CN,1613272594
450,Komsomolets,53.7453,62.0708,23.61,96,100,14.38,KZ,1613272594
451,Manoel Urbano,-8.8389,-69.2597,74.17,96,100,2.39,BR,1613272594
452,Río Gallegos,-51.6226,-69.2181,44.6,45,0,9.22,AR,1613272470
453,Tessalit,20.1986,1.0114,69.51,18,0,16.15,ML,1613272595
454,Yangjiang,21.85,111.9667,73.0,50,0,3.71,CN,1613272548
455,Porto Walter,-8.2686,-72.7439,74.37,92,100,1.5,BR,1613272595
456,San Quintín,30.4833,-115.95,56.97,79,93,11.03,MX,1613272595
457,Saskylakh,71.9167,114.0833,-30.51,78,44,3.76,RU,1613272426
458,Tolmezzo,46.4075,13.0175,25.0,46,0,2.3,IT,1613272596
459,Husavik,66.0449,-17.3389,37.4,70,90,18.41,IS,1613272596
460,Plainview,40.7765,-73.4673,30.99,69,90,9.22,US,1613272596
461,Lara,-38.0167,144.4,66.2,59,90,10.36,AU,1613272596
462,Bom Jesus,-9.0744,-44.3586,75.16,67,96,1.03,BR,1613272597
463,Aranos,-24.1333,19.1167,68.45,79,94,7.4,NA,1613272597
464,Werota,11.9167,37.7,60.82,40,33,5.28,ET,1613272597
465,San Buenaventura,27.0833,-101.5333,39.0,85,2,7.05,MX,1613272507
466,Eureka,40.8021,-124.1637,50.0,86,64,5.3,US,1613272598
467,Pombal,-6.7703,-37.8017,79.3,72,44,9.33,BR,1613272598
468,Saldanha,-33.0117,17.9442,68.0,83,7,4.61,ZA,1613272421
469,Indianola,41.3581,-93.5574,-2.99,66,100,7.85,US,1613272598
470,Broome,42.2506,-75.833,27.0,42,90,6.91,US,1613272477
471,Keetmanshoop,-26.5833,18.1333,69.66,48,46,10.16,NA,1613272599
472,Rome,43.2128,-75.4557,21.2,45,90,6.91,US,1613272349
473,Moyale,3.5167,39.0584,67.17,50,11,6.04,KE,1613272599
474,Coos Bay,43.3665,-124.2179,46.4,93,90,3.44,US,1613272599
475,Gladstone,-23.85,151.25,86.0,45,90,3.44,AU,1613272468
476,Thunder Bay,48.4001,-89.3168,-7.01,64,20,9.22,CA,1613272600
477,Nantucket,41.2835,-70.0995,32.0,86,90,11.5,US,1613272600
478,Atasū,48.6814,71.6433,17.6,91,0,5.5,KZ,1613272600
479,Luyang,27.6239,110.0989,64.67,66,2,2.75,CN,1613272600
480,Srikakulam,18.3,83.9,74.73,57,7,5.37,IN,1613272600
481,Phalombe,-15.8064,35.6507,68.95,88,69,2.35,MW,1613272601
482,Pāppinisshēri,11.95,75.35,78.21,70,96,4.27,IN,1613272506
483,Black Forest,39.0131,-104.7008,1.0,78,90,6.91,US,1613272601
484,Bandarbeyla,9.4942,50.8122,72.36,77,52,10.92,SO,1613272601
485,Saint George,37.1041,-113.5841,48.99,53,1,13.8,US,1613272602
486,Ratnagiri,16.9833,73.3,74.16,63,0,5.35,IN,1613272602
487,Bagotville,-28.9833,153.4167,71.6,88,90,14.97,AU,1613272602
488,Arlit,18.7369,7.3853,65.39,24,0,5.88,NE,1613272603
489,Bengkulu,-3.8004,102.2655,84.96,64,100,2.93,ID,1613272430
490,San Miguel de Tucumán,-26.8241,-65.2226,71.6,88,0,3.44,AR,1613272603
491,Podgorica,42.4411,19.2636,28.4,31,90,19.57,ME,1613272603
492,Poya,-21.35,165.15,84.0,63,23,4.52,NC,1613272603
493,Udachny,66.4167,112.4,-23.73,79,96,4.61,RU,1613272603
494,Yibin,28.7667,104.6238,62.87,60,0,1.9,CN,1613272604
495,Yanam,16.7333,82.2167,75.2,78,8,3.44,IN,1613272604
496,Luganville,-15.5333,167.1667,84.38,74,100,3.02,VU,1613272604
497,Vuktyl,63.8567,57.3094,-11.61,87,100,7.31,RU,1613272604
498,Rokytne,51.2796,27.214,15.94,97,98,8.86,UA,1613272604
499,Lázaro Cárdenas,17.9583,-102.2,68.65,67,0,6.22,MX,1613272605
500,Riachão das Neves,-11.7461,-44.91,72.43,79,81,2.68,BR,1613272605
501,Blackwater,-23.5833,148.8833,89.44,49,63,11.95,AU,1613272409
502,Nanortalik,60.1432,-45.2371,31.71,93,97,1.45,GL,1613272605
503,Chiredzi,-21.05,31.6667,69.3,93,99,6.53,ZW,1613272606
504,Port Hardy,50.6996,-127.4199,35.6,86,90,17.27,CA,1613272416
505,Zyryanka,65.75,150.85,-19.52,87,100,12.17,RU,1613272606
506,Kananga,-5.8958,22.4178,69.6,87,99,0.78,CD,1613272606
507,Trincomalee,8.5711,81.2335,79.32,82,7,9.78,LK,1613272607
508,Rio Brilhante,-21.8019,-54.5464,70.61,88,0,2.91,BR,1613272607
509,Myaundzha,63.0494,147.1858,-4.02,78,47,2.91,RU,1613272607
510,Nísia Floresta,-6.0911,-35.2086,80.6,78,75,10.36,BR,1613272607
511,Teya,60.3778,92.6267,-14.24,85,100,2.35,RU,1613272607
512,Chālūs,36.655,51.4204,50.0,87,90,3.33,IR,1613272608
513,Ambilobe,-13.2,49.05,73.15,93,17,2.48,MG,1613272608
514,Pontes e Lacerda,-15.2261,-59.3353,73.76,92,45,2.17,BR,1613272608
515,Hambantota,6.1241,81.1185,77.0,100,75,3.44,LK,1613272608
516,Xanxerê,-26.8769,-52.4042,60.94,99,1,2.28,BR,1613272608
517,Isangel,-19.55,169.2667,86.16,64,11,2.51,VU,1613272462
518,Natal,-5.795,-35.2094,80.6,78,75,10.36,BR,1613272609
519,Juradó,7.1053,-77.7641,75.67,84,84,2.64,CO,1613272609
520,Aden,12.7794,45.0367,76.26,67,0,15.55,YE,1613272449
521,Bara,10.3744,10.7288,67.23,25,0,5.55,NG,1613272609
522,Porto-Novo,6.4965,2.6036,84.2,84,40,13.8,BJ,1613272609
523,Penzberg,47.75,11.3833,10.4,85,0,3.44,DE,1613272610
524,Tucupita,9.0622,-62.051,71.37,97,0,4.27,VE,1613272610
525,Zolochiv,49.806,24.8944,23.0,93,90,8.95,UA,1613272610
526,Vestmannaeyjar,63.4427,-20.2734,41.0,83,99,39.39,IS,1613272474
527,Taoudenni,22.6783,-3.9836,67.21,26,0,16.04,ML,1613272458
528,Międzyrzec Podlaski,51.9864,22.7825,20.01,97,96,12.88,PL,1613272611
529,Clyde River,70.4692,-68.5914,-4.0,92,100,8.05,CA,1613272398
530,Zhob,31.3411,69.4481,51.42,41,0,1.99,PK,1613272611
531,Balabac,7.9868,117.0645,81.43,73,97,13.47,PH,1613272611
532,Shimoda,34.6667,138.95,64.4,45,75,11.5,JP,1613272474
533,Olhão,37.0286,-7.8411,46.4,76,0,5.75,PT,1613272611
534,Arman',59.7,150.1667,4.69,83,3,6.24,RU,1613272612
535,Kharian,32.8149,73.8636,51.8,100,90,1.81,PK,1613272612
536,Passy,45.9203,6.6877,28.0,91,24,4.63,FR,1613272612
537,Letlhakane,-21.4167,25.5833,68.99,77,38,5.19,BW,1613272612
538,Oruzgan,32.8333,66.0,44.65,51,0,6.62,AF,1613272613
539,Hohhot,40.8106,111.6522,32.0,43,0,15.66,CN,1613272613
540,Kokopo,-4.352,152.2633,83.44,76,97,11.52,PG,1613272613
541,Paracuru,-3.41,-39.0306,82.0,75,39,21.0,BR,1613272613
542,Mahibadhoo,3.7833,72.9667,81.19,69,44,8.72,MV,1613272613
543,Hukuntsi,-24.0,21.75,69.85,71,35,8.66,BW,1613272614
544,Atambua,-9.1061,124.8925,83.01,70,100,3.31,ID,1613272614
545,Maceió,-9.6658,-35.7353,75.2,88,40,3.44,BR,1613272367
546,Middle Island,40.8843,-72.9373,30.99,80,90,4.61,US,1613272518
